sample_id,coyote,deer_mouse,frog,bottas_pocket_gopher,brandts_cormorant,pelagic_cormorant,california_vole,brush_rabbit,american_robin,woodrat,domestic_cattle,wild_boar,california_sea_lion,western_harvest_mouse,cricket,dung_beetle,chicken,grey_fox,california_ground_squirrel,common_raven,song_sparrow,wild_turkey,skiltons_skink,bobcat,mule_deer,white_crowned_sparrow,spotted_towhee,earwig,heermans_kangaroo_rat,california_alligator_lizard,gopher_snake,carpet_beetle,rove_beetle,california_quail,american_shad,sharpnose_anchovy,acorn_woodpecker,downy_woodpecker,clam,striped_skunk,american_badger,harvestor_ant,western_scrub_jay,harbor_seal,puma,guadelupe_fur_seal,red_fox,stonefly,western_rattlesnake,house_mouse,black_rat,host,marine_present,terrestrial_present,diet_category,site,lon,lat
D.06.26.23.C1,0,1,1,1,0,0,0,0,0,0,0,0,0,0,0,0,0,0,0,0,0,0,0,0,0,0,0,0,0,0,0,0,0,0,0,0,0,0,0,0,0,0,0,0,0,0,0,0,0,0,0,coyote,FALSE,TRUE,terrestrial,Dangermond,-120.4561075,34.51859065
D.06.26.23.C2,0,0,0,0,1,1,0,0,0,0,0,0,0,0,0,0,0,0,0,0,0,0,0,0,0,0,0,0,0,0,0,0,0,0,0,0,0,0,0,0,0,0,0,0,0,0,0,0,0,0,0,coyote,TRUE,FALSE,marine,Dangermond,-120.4716455,34.45939745
D.06.26.23.C3,0,1,0,1,0,0,1,1,0,0,0,0,0,0,0,0,0,0,0,0,0,0,0,0,0,0,0,0,0,0,0,0,0,0,0,0,0,0,0,0,0,0,0,0,0,0,0,0,0,0,0,coyote,FALSE,TRUE,terrestrial,Dangermond,-120.4717817,34.45965195
D.06.26.23.C4,0,0,0,0,1,0,0,0,0,0,0,0,0,0,0,0,0,0,0,0,0,0,0,0,0,0,0,0,0,0,0,0,0,0,0,0,0,0,0,0,0,0,0,0,0,0,0,0,0,0,0,coyote,TRUE,FALSE,marine,Dangermond,-120.4720342,34.45978095
D.06.26.23.C5,0,0,0,0,1,0,0,0,1,0,0,0,0,0,0,0,0,0,0,0,0,0,0,0,0,0,0,0,0,0,0,0,0,0,0,0,0,0,0,0,0,0,0,0,0,0,0,0,0,0,0,coyote,TRUE,TRUE,mixed,Dangermond,-120.4720537,34.45981754
D.06.26.23.C6,0,1,0,0,1,1,1,0,0,1,0,0,0,0,0,0,0,0,0,0,0,0,0,0,0,0,0,0,0,0,0,0,0,0,0,0,0,0,0,0,0,0,0,0,0,0,0,0,0,0,0,coyote,TRUE,TRUE,mixed,Dangermond,-120.4732591,34.46327309
D.06.26.23.C7,0,1,0,1,0,0,1,0,0,0,1,0,1,0,0,0,0,0,0,0,0,0,0,0,0,0,0,0,0,0,0,0,0,0,0,0,0,0,0,0,0,0,0,0,0,0,0,0,0,0,0,coyote,TRUE,TRUE,mixed,Dangermond,-120.473433,34.46545982
D.06.26.23.C8,0,1,0,0,0,0,0,0,0,0,0,0,0,0,0,0,0,0,0,0,0,0,0,0,0,0,0,0,0,0,0,0,0,0,0,0,0,0,0,0,0,0,0,0,0,0,0,0,0,0,0,coyote,FALSE,TRUE,terrestrial,Dangermond,-120.4735271,34.46557886
D.06.26.23.C10,0,1,0,1,0,0,0,1,0,0,0,0,0,1,0,0,0,0,0,0,0,0,0,0,0,0,0,0,0,0,0,0,0,0,0,0,0,0,0,0,0,0,0,0,0,0,0,0,0,0,0,coyote,FALSE,TRUE,terrestrial,Dangermond,-120.4733269,34.46779068
D.06.26.23.C11,0,0,0,0,0,0,0,1,0,0,0,0,0,0,1,1,0,0,0,0,0,0,0,0,0,0,0,0,0,0,0,0,0,0,0,0,0,0,0,0,0,0,0,0,0,0,0,0,0,0,0,coyote,FALSE,TRUE,terrestrial,Dangermond,-120.4733293,34.46779098
D.06.26.23.C12,0,0,0,0,1,0,0,0,0,0,0,1,0,0,0,0,0,0,0,0,0,0,0,0,0,0,0,0,0,0,0,0,0,0,0,0,0,0,0,0,0,0,0,0,0,0,0,0,0,0,0,coyote,TRUE,TRUE,mixed,Dangermond,-120.4732961,34.46780223
D.06.26.23.C13,0,1,0,1,0,0,0,0,0,0,0,0,1,0,0,0,0,0,0,0,0,0,0,0,0,0,0,0,0,0,0,0,0,0,0,0,0,0,0,0,0,0,0,0,0,0,0,0,0,0,0,coyote,TRUE,TRUE,mixed,Dangermond,-120.472985,34.46001891
C.08.14.23.C1,0,0,0,0,0,0,0,0,0,0,1,0,0,0,0,0,1,0,0,0,0,0,0,0,0,0,0,0,0,0,0,0,0,0,0,0,0,0,0,0,0,0,0,0,0,0,0,0,0,0,0,coyote,FALSE,TRUE,terrestrial,Coal Oil Point,-119.879453,34.41458561
C.08.19.23.C2,0,1,0,0,0,0,0,0,0,0,0,0,0,0,0,0,0,0,1,0,0,0,0,0,0,0,0,0,0,0,0,0,0,0,0,0,0,0,0,0,0,0,0,0,0,0,0,0,0,0,0,coyote,FALSE,TRUE,terrestrial,Coal Oil Point,NA,NA
C.08.19.23.C3,0,0,0,0,0,0,1,0,0,0,0,0,0,0,0,0,0,0,1,0,0,0,0,0,0,0,0,0,0,0,0,0,0,0,0,0,0,0,0,0,0,0,0,0,0,0,0,0,0,0,0,coyote,FALSE,TRUE,terrestrial,Coal Oil Point,NA,NA
C.06.16.23.F1,0,0,0,0,0,0,0,0,0,0,0,1,0,0,0,0,1,0,0,0,0,0,0,0,0,0,0,0,0,0,0,0,0,0,0,0,0,0,0,0,0,0,0,0,0,0,0,0,0,0,0,coyote,FALSE,TRUE,terrestrial,Coal Oil Point,-119.8777,34.41363
C.06.29.23.C1,0,0,0,0,0,0,0,0,0,0,0,0,0,0,0,0,1,0,0,0,0,0,0,0,0,0,0,0,0,0,0,0,0,0,0,0,0,0,0,0,0,0,0,0,0,0,0,0,0,0,0,coyote,FALSE,TRUE,terrestrial,Coal Oil Point,-119.8804213,34.41519772
C.06.29.23.C2,0,0,0,0,0,0,0,0,0,0,0,0,0,0,0,0,0,0,0,0,0,0,0,0,0,0,0,0,0,0,0,0,0,0,0,0,0,0,0,0,0,0,0,0,0,0,0,0,0,0,0,coyote,FALSE,FALSE,none,Coal Oil Point,-119.881257,34.41315516
C.07.06.23.B1,0,0,0,0,0,0,0,1,0,0,0,0,0,0,0,0,0,0,0,0,0,0,0,0,0,0,0,0,0,0,0,0,0,0,0,0,0,0,0,0,0,0,0,0,0,0,0,0,0,0,0,coyote,FALSE,TRUE,terrestrial,Coal Oil Point,-119.880629,34.41296065
C.07.06.23.C1,0,0,0,0,0,0,0,0,0,0,0,0,0,0,0,0,0,0,0,0,0,0,0,0,0,0,0,0,0,0,0,0,0,0,0,0,0,0,0,0,0,0,0,0,0,0,0,0,0,0,0,coyote,FALSE,FALSE,none,Coal Oil Point,-119.8811203,34.4164735
C.07.12.23.C1,0,0,0,0,0,0,0,1,0,0,0,0,0,0,0,0,0,0,0,0,0,0,0,0,0,0,0,0,0,0,0,0,0,0,0,0,0,0,0,0,0,0,0,0,0,0,0,0,0,0,0,coyote,FALSE,TRUE,terrestrial,Coal Oil Point,-119.8811344,34.41584145
C.07.12.23.C2,0,0,0,0,0,0,0,1,0,0,0,0,0,0,0,0,0,0,0,1,0,0,0,0,0,0,0,0,0,0,0,0,0,0,0,0,0,0,0,0,0,0,0,0,0,0,0,0,0,0,0,coyote,FALSE,TRUE,terrestrial,Coal Oil Point,-119.880771,34.41540984
C.07.12.23.C3,0,0,0,0,0,0,0,1,0,0,0,0,0,0,0,0,0,0,0,1,1,0,0,0,0,0,0,0,0,0,0,0,0,0,0,0,0,0,0,0,0,0,0,0,0,0,0,0,0,0,0,coyote,FALSE,TRUE,terrestrial,Coal Oil Point,-119.8794748,34.41469753
C.07.12.23.C4,0,0,0,0,0,0,1,0,0,0,0,0,0,0,0,0,0,0,0,0,0,0,0,0,0,0,0,0,0,0,0,0,0,0,0,0,0,0,0,0,0,0,0,0,0,0,0,0,0,0,0,coyote,FALSE,TRUE,terrestrial,Coal Oil Point,-119.8790942,34.41421902
C.07.12.23.C5,0,0,0,0,0,0,0,0,0,0,0,0,0,0,0,0,0,0,0,0,0,1,0,0,0,0,0,0,0,0,0,0,0,0,0,0,0,0,0,0,0,0,0,0,0,0,0,0,0,0,0,coyote,FALSE,TRUE,terrestrial,Coal Oil Point,-119.8795097,34.41300588
C.07.15.23.C1,0,0,0,0,0,0,0,1,0,0,0,0,0,0,0,0,0,0,1,0,0,0,0,0,0,0,0,0,0,0,0,0,0,0,0,0,0,0,0,0,0,0,0,0,0,0,0,0,0,0,0,coyote,FALSE,TRUE,terrestrial,Coal Oil Point,-119.8793886,34.41289199
C.07.15.23.C2,0,0,0,0,0,0,0,1,0,0,0,0,0,0,0,0,0,0,0,0,0,0,0,0,0,0,0,0,0,0,0,0,0,0,0,0,0,0,0,0,0,0,0,0,0,0,0,0,0,0,0,coyote,FALSE,TRUE,terrestrial,Coal Oil Point,-119.8811469,34.41651506
C.07.17.23.C1,0,0,0,0,0,0,0,0,0,0,1,0,0,0,0,0,0,0,0,0,0,0,0,0,0,0,0,0,0,0,0,0,0,0,0,0,0,0,0,0,0,0,0,0,0,0,0,0,0,0,0,coyote,FALSE,TRUE,terrestrial,Coal Oil Point,-119.8774111,34.41625971
C.07.24.23.C1,0,1,0,0,0,0,0,0,0,0,0,0,0,0,0,0,0,0,1,0,0,0,0,0,0,0,0,0,0,0,0,0,0,0,0,0,0,0,0,0,0,0,0,0,0,0,0,0,0,0,0,coyote,FALSE,TRUE,terrestrial,Coal Oil Point,-119.8810884,34.41675396
C.08.07.23.C1,0,1,0,0,0,0,0,0,0,0,0,0,0,0,0,0,0,0,0,0,0,0,0,0,0,0,0,0,0,0,0,0,0,0,0,0,0,0,0,0,0,0,0,0,0,0,0,0,0,0,0,coyote,FALSE,TRUE,terrestrial,Coal Oil Point,-119.8809821,34.41562313
C.08.07.23.C2,0,1,0,0,0,0,0,0,0,0,0,0,0,0,0,0,0,0,1,0,0,0,1,0,0,0,0,0,0,0,0,0,0,0,0,0,0,0,0,0,0,0,0,0,0,0,0,0,0,0,0,coyote,FALSE,TRUE,terrestrial,Coal Oil Point,-119.879455,34.41301356
D.06.14.23.B1,0,1,0,1,0,0,0,0,0,0,0,0,0,0,0,0,0,0,0,0,0,0,0,0,0,0,0,0,0,0,0,0,0,0,0,0,0,0,0,0,0,0,0,0,0,0,0,0,0,0,0,coyote,FALSE,TRUE,terrestrial,Dangermond,-120.45304,34.44623
D.08.14.23.B1,0,1,0,1,0,0,0,0,0,0,0,0,0,0,0,0,0,0,0,0,0,0,0,0,0,0,0,0,0,0,0,0,0,0,0,0,0,0,0,0,0,0,0,0,0,0,0,0,0,0,0,bobcat,FALSE,TRUE,terrestrial,Dangermond,-120.4447471,34.46063389
D.08.14.23.B2,0,0,0,1,0,0,0,0,0,0,0,0,0,0,0,0,0,0,0,0,0,0,0,0,1,0,0,0,0,0,0,0,0,0,0,0,0,0,0,0,0,0,0,0,0,0,0,0,0,0,0,bobcat,FALSE,TRUE,terrestrial,Dangermond,-120.4447396,34.46063476
D.08.14.23.B3,0,0,0,0,0,0,0,0,0,0,0,0,0,0,0,0,0,0,0,0,0,0,0,0,1,0,0,0,0,0,0,0,0,0,0,0,0,0,0,0,0,0,0,0,0,0,0,0,0,0,0,bobcat,FALSE,TRUE,terrestrial,Dangermond,-120.4447251,34.46040687
D.08.14.23.B4,0,0,0,0,0,0,0,0,0,0,0,0,0,0,0,0,0,0,0,0,0,0,0,0,0,0,0,0,0,0,0,0,0,0,0,0,0,0,0,0,0,0,0,0,0,0,0,0,0,0,0,bobcat,FALSE,FALSE,none,Dangermond,-120.4443893,34.45993815
D.08.14.23.C1,0,0,0,0,0,0,0,0,0,0,0,0,0,0,0,0,0,0,0,0,0,0,0,0,1,0,0,0,0,0,0,0,0,0,0,0,0,0,0,0,0,0,0,0,0,0,0,0,0,0,0,bobcat,FALSE,TRUE,terrestrial,Dangermond,-120.444781,34.46101845
D.08.14.23.C2,0,1,0,0,1,1,0,0,0,0,0,0,0,0,0,0,0,0,0,0,0,0,0,0,0,0,0,0,0,0,0,0,0,0,0,0,0,0,0,0,0,0,0,0,0,0,0,0,0,0,0,coyote,TRUE,TRUE,mixed,Dangermond,-120.4723873,34.46018992
D.08.14.23.C3,0,0,0,1,0,0,0,0,0,0,0,0,0,0,0,0,0,0,0,0,0,0,0,0,0,0,0,0,0,0,0,0,0,0,0,0,0,0,0,0,0,0,0,0,0,0,0,0,0,0,0,coyote,FALSE,TRUE,terrestrial,Dangermond,-120.4733194,34.46328754
D.08.14.23.C4,0,1,0,0,0,0,1,0,0,0,0,0,0,1,0,0,0,0,0,0,0,0,0,0,0,0,0,0,0,0,0,0,0,0,0,0,0,0,0,0,0,0,0,0,0,0,0,0,0,0,0,coyote,FALSE,TRUE,terrestrial,Dangermond,-120.4733176,34.46328406
D.08.14.23.C5,0,0,0,0,0,0,1,0,0,0,0,0,0,0,0,0,0,0,0,0,0,0,0,0,0,0,0,0,0,0,0,0,0,0,0,0,0,0,0,0,0,0,0,0,0,0,0,0,0,0,0,coyote,FALSE,TRUE,terrestrial,Dangermond,-120.4730683,34.45980363
D.08.14.23.C6,0,0,0,0,0,0,1,0,0,0,0,0,0,0,0,0,0,0,0,0,0,0,0,0,0,0,0,0,0,0,0,0,0,0,0,0,0,0,0,0,0,0,0,0,0,0,0,0,0,0,0,coyote,FALSE,TRUE,terrestrial,Dangermond,-120.4731087,34.45980864
D.08.14.23.C7,0,1,0,0,0,0,0,0,0,0,0,0,0,0,1,0,0,0,0,0,0,0,0,0,0,0,0,0,0,0,0,0,0,0,0,0,0,0,0,0,0,0,0,0,0,0,0,0,0,0,0,coyote,FALSE,TRUE,terrestrial,Dangermond,-120.4664475,34.46946317
D.08.14.23.F1,0,1,0,0,1,0,0,0,0,0,0,0,0,0,0,0,0,0,0,0,0,0,0,0,0,0,0,0,0,0,0,0,0,0,0,0,0,0,0,0,0,0,0,0,0,0,0,0,0,0,0,coyote,TRUE,TRUE,mixed,Dangermond,-120.4724606,34.4600484
D.08.14.23.H1,0,0,0,0,0,0,0,0,0,0,0,0,0,0,0,0,0,0,0,0,0,0,0,0,0,0,0,0,0,0,0,0,0,0,0,0,0,0,0,0,0,0,0,0,0,0,0,0,0,0,0,wild boar,FALSE,FALSE,none,Dangermond,-120.4405658,34.45195085
D.08.14.23.H2,0,0,0,0,0,0,0,0,0,0,0,0,0,0,0,0,0,0,0,0,0,0,0,0,0,0,0,0,0,0,0,0,0,0,0,0,0,0,0,0,0,0,0,0,0,0,0,0,0,0,0,wild boar,FALSE,FALSE,none,Dangermond,-120.4407223,34.45240724
D.08.14.23.H3,0,0,0,0,0,0,0,0,0,0,0,0,0,0,0,0,0,0,0,0,0,0,0,0,0,0,0,0,0,0,0,0,0,0,0,0,0,0,0,0,0,0,0,0,0,0,0,0,0,0,0,wild boar,FALSE,FALSE,none,Dangermond,-120.4415117,34.4521709
D.06.14.23.C1,0,0,0,0,1,0,0,0,0,0,0,0,0,0,0,0,0,0,0,0,0,0,0,0,0,1,0,0,0,0,0,0,0,0,0,0,0,0,0,0,0,0,0,0,0,0,0,0,0,0,0,coyote,TRUE,TRUE,mixed,Dangermond,-120.45315,34.44528
D.06.14.23.C2,0,1,0,0,1,0,0,0,0,0,0,0,0,0,0,0,0,0,0,0,0,0,0,0,0,0,0,0,0,0,0,0,0,0,0,0,0,0,0,0,0,0,0,0,0,0,0,0,0,0,0,coyote,TRUE,TRUE,mixed,Dangermond,-120.45438,34.4433
D.06.14.23.C3,0,1,1,1,0,0,1,0,0,0,0,0,0,0,0,0,0,0,0,0,0,0,0,0,0,0,0,0,0,0,0,0,0,0,0,0,0,0,0,0,0,0,0,0,0,0,0,0,0,0,0,coyote,FALSE,TRUE,terrestrial,Dangermond,-120.45438,34.4433
D.06.14.23.D1,0,1,0,0,0,0,0,0,0,0,0,0,1,1,0,0,0,0,0,0,0,0,0,0,0,0,0,0,0,0,0,0,0,0,0,0,0,0,0,0,0,0,0,0,0,0,0,0,0,0,0,coyote,TRUE,TRUE,mixed,Dangermond,-120.47216,34.45821
D.08.18.23.C2,0,1,0,1,0,0,0,0,0,0,0,0,0,0,0,0,0,0,0,0,0,0,0,0,0,0,1,0,0,0,0,0,0,0,0,0,0,0,0,0,0,0,0,0,0,0,0,0,0,0,0,coyote,FALSE,TRUE,terrestrial,Dangermond,-120.4664173,34.45330588
D.08.18.23.P1,0,1,0,0,0,0,0,0,0,0,0,0,0,0,0,0,0,0,0,0,0,0,0,0,0,0,0,0,0,0,0,0,0,0,0,0,0,0,0,0,0,0,0,0,0,0,0,0,0,0,0,coyote,FALSE,TRUE,terrestrial,Dangermond,-120.4403179,34.45273212
D.06.14.23.F1,0,1,0,0,1,0,0,0,0,0,0,0,0,0,0,0,0,0,0,0,0,0,0,0,0,0,0,0,0,0,0,0,0,0,0,0,0,0,0,0,0,0,0,0,0,0,0,0,0,0,0,coyote,TRUE,TRUE,mixed,Dangermond,-120.45274,34.44671
D.06.14.23.F2,0,0,0,1,0,0,1,0,0,0,0,0,0,0,0,0,0,0,0,0,0,0,0,0,0,0,0,0,0,0,0,0,0,0,0,0,0,0,0,0,0,0,0,0,0,0,0,0,0,0,0,coyote,FALSE,TRUE,terrestrial,Dangermond,-120.45275,34.44694
D.08.23.23.B1,0,1,0,0,0,0,0,0,0,0,0,0,0,1,0,0,0,0,0,0,0,0,0,0,0,0,0,0,0,0,0,0,0,0,0,0,0,0,0,0,0,0,0,0,0,0,0,0,0,0,0,coyote,FALSE,TRUE,terrestrial,Dangermond,-120.4157224,34.45357455
D.08.23.23.B2,0,0,0,0,0,0,0,0,0,0,0,0,0,0,0,0,0,0,0,0,0,0,0,0,0,0,0,0,0,0,0,0,0,0,0,0,0,0,0,0,0,0,0,0,0,0,0,0,0,0,0,bobcat,FALSE,FALSE,none,Dangermond,-120.4182382,34.45323245
D.08.23.23.H1,0,0,0,0,0,0,0,0,0,0,0,0,0,0,0,0,0,0,0,0,0,0,0,0,0,0,0,0,0,0,0,0,0,0,0,0,0,0,0,0,0,0,0,0,0,0,0,0,0,0,0,wild boar,FALSE,FALSE,none,Dangermond,-120.444762,34.451412
D.10.24.22.H1,0,0,0,0,0,0,0,0,0,0,0,0,0,0,0,0,0,0,0,0,0,0,0,0,0,0,0,0,0,0,0,0,0,0,0,0,0,0,0,0,0,0,0,0,0,0,0,0,0,0,0,wild boar,FALSE,FALSE,none,Dangermond,-120.4462502,34.46668908
D.10.26.22.H1,0,0,0,0,0,0,0,0,0,0,0,0,0,0,0,0,0,0,0,0,0,0,0,0,0,0,0,0,0,0,0,0,0,0,0,0,0,0,0,0,0,0,0,0,0,0,0,0,0,0,0,wild boar,FALSE,FALSE,none,Dangermond,-120.4462502,34.46668908
D.10.26.22.H2,0,0,0,0,0,0,0,0,0,0,0,0,0,0,0,0,0,0,0,0,0,0,0,0,0,0,0,0,0,0,0,0,0,0,0,0,0,0,0,0,0,0,0,0,0,0,0,0,0,0,0,wild boar,FALSE,FALSE,none,Dangermond,-120.4461911,34.46663783
D.10.26.22.H3,0,0,0,0,0,0,0,0,0,0,0,0,0,0,0,0,0,0,0,0,0,0,0,0,0,0,0,0,0,0,0,0,0,0,0,0,0,0,0,0,0,0,0,0,0,0,0,0,0,0,0,wild boar,FALSE,FALSE,none,Dangermond,-120.4461911,34.46663783
D.10.26.22.H4,0,0,0,0,0,0,0,0,0,0,0,0,0,0,0,0,0,0,0,0,0,0,0,0,0,0,0,0,0,0,0,0,0,0,0,0,0,0,0,0,0,0,0,0,0,0,0,0,0,0,0,wild boar,FALSE,FALSE,none,Dangermond,-120.4461914,34.466683
D.10.26.22.H5,0,0,0,0,0,0,0,0,0,0,0,0,0,0,0,0,0,0,0,0,0,0,0,0,0,0,0,0,0,0,0,0,0,0,0,0,0,0,0,0,0,0,0,0,0,0,0,0,0,0,0,wild boar,FALSE,FALSE,none,Dangermond,-120.4461914,34.466683
D.10.26.22.H6,0,0,0,0,0,0,0,0,0,0,0,0,0,0,0,0,0,0,0,0,0,0,0,0,0,0,0,0,0,0,0,0,0,0,0,0,0,0,0,0,0,0,0,0,0,0,0,0,0,0,0,wild boar,FALSE,FALSE,none,Dangermond,-120.4462271,34.46667773
D.10.26.22.H7,0,0,0,0,0,0,0,0,0,0,0,0,0,0,0,0,0,0,0,0,0,0,0,0,0,0,0,0,0,0,0,0,0,0,0,0,0,0,0,0,0,0,0,0,0,0,0,0,0,0,0,wild boar,FALSE,FALSE,none,Dangermond,-120.4462271,34.46667773
D.11.30.22.H1,0,0,0,0,0,0,0,0,0,0,0,0,0,0,0,0,0,0,0,0,0,0,0,0,0,0,0,0,0,0,0,0,0,0,0,0,0,0,0,0,0,0,0,0,0,0,0,0,0,0,0,wild boar,FALSE,FALSE,none,Dangermond,-120.4494916,34.49937134
D.11.30.22.H2,0,0,0,0,0,0,0,0,0,0,0,0,0,0,0,0,0,0,0,0,0,0,0,0,0,0,0,0,0,0,0,0,0,0,0,0,0,0,0,0,0,0,0,0,0,0,0,0,0,0,0,wild boar,FALSE,FALSE,none,Dangermond,-120.4494916,34.49937134
D.11.30.22.H3,0,0,0,0,0,0,0,0,0,0,1,0,0,0,0,0,0,0,0,0,0,0,0,0,0,0,0,0,0,0,0,0,0,0,0,0,0,0,0,0,0,0,0,0,0,0,0,0,0,0,0,wild boar,FALSE,TRUE,terrestrial,Dangermond,-120.4497071,34.49724494
D.11.30.22.H4,0,0,0,0,0,0,0,0,0,0,1,0,0,0,0,0,0,0,0,0,0,0,0,0,0,0,0,0,0,0,0,0,0,0,0,0,0,0,0,0,0,0,0,0,0,0,0,0,0,0,0,wild boar,FALSE,TRUE,terrestrial,Dangermond,-120.4497071,34.49724494
D.11.30.22.H5,0,0,0,0,0,0,0,0,0,0,0,0,0,0,0,0,0,0,0,0,0,0,0,0,0,0,0,0,0,0,0,0,0,0,0,0,0,0,0,0,0,0,0,0,0,0,0,0,0,0,0,wild boar,FALSE,FALSE,none,Dangermond,-120.4493466,34.49912419
D.11.30.22.H6,0,0,0,0,0,0,0,0,0,0,0,0,0,0,0,0,0,0,0,0,0,0,0,0,0,0,0,0,0,0,0,0,0,0,0,0,0,0,0,0,0,0,0,0,0,0,0,0,0,0,0,wild boar,FALSE,FALSE,none,Dangermond,-120.44935,34.4991242
D.10.25.22.H1,0,0,0,0,0,0,0,0,0,0,0,0,0,0,0,0,0,0,0,0,0,0,0,0,0,0,0,0,0,0,0,0,0,0,0,0,0,0,0,0,0,0,0,0,0,0,0,0,0,0,0,wild boar,FALSE,FALSE,none,Dangermond,-120.4239869,34.4642289
D.10.25.22.H2,0,0,0,0,0,0,0,0,0,0,0,0,0,0,0,0,0,0,0,0,0,0,0,0,0,0,0,0,0,0,0,0,0,0,0,0,0,0,0,0,0,0,0,0,0,0,0,0,0,0,0,wild boar,FALSE,FALSE,none,Dangermond,-120.4239869,34.4642289
D.07.13.22.H1,0,0,0,0,0,0,0,0,0,0,0,0,0,0,0,0,0,0,0,0,0,0,0,0,0,0,0,0,0,0,0,0,0,0,0,0,0,0,0,0,0,0,0,0,0,0,0,0,0,0,0,wild boar,FALSE,FALSE,none,Dangermond,-120.4561956,34.47242784
D.07.13.22.H2,0,0,0,0,0,0,0,0,0,0,0,0,0,0,0,0,0,0,0,0,0,0,0,0,0,0,0,0,0,0,0,0,0,0,0,0,0,0,0,0,0,0,0,0,0,0,0,0,0,0,0,wild boar,FALSE,FALSE,none,Dangermond,-120.4562102,34.47239728
D.07.13.23.H3,0,0,0,0,0,0,0,0,0,0,0,0,0,0,0,0,0,0,0,0,0,0,0,0,0,0,0,0,0,0,0,0,0,0,0,0,0,0,0,0,0,0,0,0,0,0,0,0,0,0,0,wild boar,FALSE,FALSE,none,Dangermond,-120.4562102,34.47239728
D.07.13.22.H4,0,0,0,0,0,0,0,0,0,0,0,0,0,0,0,0,0,0,0,0,0,0,0,0,0,0,0,0,0,0,0,0,0,0,0,0,0,0,0,0,0,0,0,0,0,0,0,0,0,0,0,wild boar,FALSE,FALSE,none,Dangermond,-120.4561956,34.47242784
D.09.09.22.H1,0,0,0,0,0,0,0,0,0,0,0,0,0,0,0,0,0,0,0,0,0,0,0,0,0,0,0,0,0,0,0,0,0,0,0,0,0,0,0,0,0,0,0,0,0,0,0,0,0,0,0,wild boar,FALSE,FALSE,none,Dangermond,-120.4168428,34.45527442
D.09.09.22.H2,0,0,0,0,0,0,0,0,0,0,0,0,0,0,0,0,0,0,0,0,0,0,0,0,0,0,0,0,0,0,0,0,0,0,0,0,0,0,0,0,0,0,0,0,0,0,0,0,0,0,0,wild boar,FALSE,FALSE,none,Dangermond,-120.4530609,34.44672553
D.09.09.22.H3,0,0,0,0,0,0,0,0,0,0,0,0,0,0,0,0,0,0,0,0,0,0,0,0,0,0,0,0,0,0,0,0,0,0,0,0,0,0,0,0,0,0,0,0,0,0,0,0,0,0,0,wild boar,FALSE,FALSE,none,Dangermond,-120.4530609,34.44672553
D.09.09.22.H4,0,0,0,0,0,0,0,0,0,0,0,0,0,0,0,0,0,0,0,0,0,0,0,0,0,0,0,0,0,0,0,0,0,0,0,0,0,0,0,0,0,0,0,0,0,0,0,0,0,0,0,wild boar,FALSE,FALSE,none,Dangermond,NA,NA
D.09.09.22.H5,0,0,0,0,0,0,0,0,0,0,0,0,0,0,0,0,0,0,0,0,0,0,0,0,0,0,0,0,0,0,0,0,0,0,0,0,0,0,0,0,0,0,0,0,0,0,0,0,0,0,0,coyote,FALSE,FALSE,none,Dangermond,NA,NA
D.09.09.22.H6,0,0,0,0,0,0,0,0,0,0,0,0,0,0,0,0,0,0,0,0,0,0,0,0,0,0,0,0,0,0,0,0,0,0,0,0,0,0,0,0,0,0,0,0,0,0,0,0,0,0,0,wild boar,FALSE,FALSE,none,Dangermond,-120.4168144,34.45526935
D.09.09.22.H7,0,0,0,0,0,0,0,0,0,0,0,0,0,0,0,0,0,0,0,0,0,0,0,0,0,0,0,0,0,0,0,0,0,0,0,0,0,0,0,0,0,0,0,0,0,0,0,0,0,0,0,wild boar,FALSE,FALSE,none,Dangermond,-120.41681,34.4552694
D.09.09.22.H8,0,0,0,0,0,0,0,0,0,0,0,0,0,0,0,0,0,0,0,0,0,0,0,0,0,0,0,0,0,0,0,0,0,0,0,0,0,0,0,0,0,0,0,0,0,0,0,0,0,0,0,wild boar,FALSE,FALSE,none,Dangermond,-120.4168428,34.45527442
D.07.14.22.H1,0,0,0,0,0,0,0,0,0,0,0,0,0,0,0,0,0,0,0,0,0,0,0,0,0,0,0,1,0,0,0,0,0,0,0,0,0,0,0,0,0,0,0,0,0,0,0,0,0,0,0,wild boar,FALSE,TRUE,terrestrial,Dangermond,NA,NA
D.07.14.22.H3,0,0,0,0,0,0,0,0,0,0,0,0,0,0,0,0,0,0,0,0,0,0,0,0,0,0,0,0,0,0,0,0,0,0,0,0,0,0,0,0,0,0,0,0,0,0,0,0,0,0,0,wild boar,FALSE,FALSE,none,Dangermond,NA,NA
D.07.10.22.H1,0,0,0,0,0,0,0,0,0,0,0,0,0,0,0,0,0,0,0,0,0,0,0,0,0,0,0,1,0,0,0,0,0,0,0,0,0,0,0,0,0,0,0,0,0,0,0,0,0,0,0,wild boar,FALSE,TRUE,terrestrial,Dangermond,NA,NA
D.04.13.22.H1,0,0,0,0,0,0,0,0,0,0,0,0,0,0,0,0,0,0,0,0,0,0,0,0,0,0,0,0,0,0,0,0,0,0,0,0,0,0,0,0,0,0,0,0,0,0,0,0,0,0,0,wild boar,FALSE,FALSE,none,Dangermond,-120.4561965,34.47239907
D.04.13.22.H2,0,0,0,0,0,0,0,0,0,0,0,0,0,0,0,0,0,0,0,0,0,0,0,0,0,0,0,0,0,0,0,0,0,0,0,0,0,0,0,0,0,0,0,0,0,0,0,0,0,0,0,wild boar,FALSE,FALSE,none,Dangermond,-120.4562007,34.47238282
D.06.14.23.P1,0,0,0,1,1,1,0,0,0,0,0,0,0,0,0,0,0,0,0,0,0,0,0,0,0,0,0,0,0,0,0,0,0,0,0,0,0,0,0,0,0,0,0,0,0,0,0,0,0,0,0,coyote,TRUE,TRUE,mixed,Dangermond,-120.45627,34.44437
D.03.15.22.H1,0,0,0,0,0,0,0,0,0,0,0,0,0,0,0,0,0,0,0,0,0,0,0,0,0,0,0,0,0,0,0,0,0,0,0,0,0,0,0,0,0,0,0,0,0,0,0,0,0,0,0,wild boar,FALSE,FALSE,none,Dangermond,-120.46,34.5
D.03.15.22.H2,0,0,0,0,0,0,0,0,0,0,0,0,0,0,0,0,0,0,0,0,0,0,0,0,0,0,0,0,0,0,0,0,0,0,0,0,0,0,0,0,0,0,0,0,0,0,0,0,0,0,0,wild boar,FALSE,FALSE,none,Dangermond,-120.46,34.5
C.06.16.23.C2,0,0,0,0,0,0,0,0,0,0,1,0,0,0,0,0,0,0,0,0,0,0,0,0,0,0,0,0,0,0,0,0,0,0,0,0,0,0,0,0,0,0,0,0,0,0,0,0,0,0,0,coyote,FALSE,TRUE,terrestrial,Coal Oil Point,-119.87878,34.41179
D.06.19.23.C1,0,0,0,0,0,0,0,0,0,0,0,0,0,0,1,0,0,0,0,0,0,0,0,0,0,0,0,0,0,0,0,0,0,0,0,0,0,0,0,0,0,0,0,0,0,0,0,0,0,0,0,coyote,FALSE,TRUE,terrestrial,Dangermond,-120.45567,34.49958
D.06.19.23.C2,0,1,0,0,1,1,0,0,0,0,0,0,0,1,0,0,0,0,0,0,0,0,0,0,0,0,0,0,0,0,0,0,0,0,0,0,0,0,0,0,0,0,0,0,0,0,0,0,0,0,0,coyote,TRUE,TRUE,mixed,Dangermond,-120.45741,34.44566
D.06.19.23.C3,0,0,0,0,0,0,0,1,0,0,0,0,0,0,0,0,0,0,0,0,0,0,0,0,0,0,0,0,0,0,0,0,0,0,0,0,0,0,0,0,0,0,0,0,0,0,0,0,0,0,0,coyote,FALSE,TRUE,terrestrial,Dangermond,-120.4568,34.44932
D.06.19.23.C5,0,0,0,0,0,0,0,0,0,0,0,0,1,0,0,0,0,0,0,0,0,0,0,0,0,0,0,0,0,0,0,0,0,0,0,0,0,0,0,0,0,0,0,0,0,0,0,0,0,0,0,coyote,TRUE,FALSE,marine,Dangermond,-120.46828,34.4678
D.06.19.23.C6,0,1,0,0,0,0,0,0,0,0,0,0,0,0,1,0,0,0,0,0,0,0,0,0,0,0,0,0,0,0,0,0,0,0,0,0,0,0,0,0,0,0,0,0,0,0,0,0,0,0,0,coyote,FALSE,TRUE,terrestrial,Dangermond,NA,NA
D.06.19.23.C7,0,1,0,1,0,0,0,0,0,0,0,0,0,0,0,0,0,0,0,0,0,0,0,0,0,0,0,0,1,0,0,0,0,0,0,0,0,0,0,0,0,0,0,0,0,0,0,0,0,0,0,coyote,FALSE,TRUE,terrestrial,Dangermond,-120.47548,34.48069
D.06.19.23.C8,0,1,0,1,0,0,0,0,0,0,0,0,0,0,0,0,0,0,0,0,0,0,0,0,0,0,0,0,0,0,0,0,0,0,0,0,0,0,0,0,0,0,0,0,0,0,0,0,0,0,0,coyote,FALSE,TRUE,terrestrial,Dangermond,-120.48186,34.48438
D.06.19.23.F1,0,1,0,0,0,0,1,0,0,1,0,0,0,0,0,0,0,0,0,0,0,0,0,0,0,0,0,0,0,0,0,0,0,0,0,0,0,0,0,0,0,0,0,0,0,0,0,0,0,0,0,coyote,FALSE,TRUE,terrestrial,Dangermond,-120.4466,34.45184
D.06.25.23.B1,0,0,0,0,1,1,0,0,0,0,0,0,0,0,0,0,0,0,0,0,0,0,0,0,0,0,0,0,0,0,0,0,0,0,0,0,0,0,0,0,0,0,0,0,0,0,0,0,0,0,0,coyote,TRUE,FALSE,marine,Dangermond,-120.4529792,34.44596912
D.06.25.23.B2,0,1,0,1,0,0,0,0,0,0,0,0,0,0,0,0,0,0,0,0,0,0,0,0,0,0,0,0,0,0,0,0,0,0,0,0,0,0,0,0,0,0,0,0,0,0,0,0,0,0,0,coyote,FALSE,TRUE,terrestrial,Dangermond,-120.4440237,34.45164362
D.06.25.23.B3,0,1,0,0,0,0,0,0,0,0,0,0,1,0,0,0,0,0,0,0,0,0,0,0,0,0,0,0,0,0,0,0,0,0,0,0,0,0,0,0,0,0,0,0,0,0,0,0,0,0,0,coyote,TRUE,TRUE,mixed,Dangermond,-120.4195505,34.45328838
D.06.25.23.B4,0,1,0,0,0,0,0,0,0,0,0,0,0,0,0,0,0,0,0,0,0,0,0,0,0,0,0,0,0,0,0,0,0,0,0,0,0,0,0,0,0,0,0,0,0,0,0,0,0,0,0,coyote,FALSE,TRUE,terrestrial,Dangermond,NA,NA
D.06.25.23.C1,0,0,0,1,0,0,0,0,0,0,1,0,0,0,0,0,0,0,0,0,0,0,0,0,0,0,0,0,0,1,0,0,0,0,0,0,0,0,0,0,0,0,0,0,0,0,0,0,0,0,0,coyote,FALSE,TRUE,terrestrial,Dangermond,NA,NA
D.06.25.23.C10,0,0,0,1,0,0,0,0,0,0,0,0,0,0,0,0,0,0,0,0,0,0,0,0,0,0,0,0,0,0,0,0,0,0,0,0,0,0,0,0,0,0,0,0,0,0,0,0,0,0,0,coyote,FALSE,TRUE,terrestrial,Dangermond,NA,NA
D.06.25.23.C12,0,0,0,0,0,0,0,0,0,0,0,0,1,0,0,0,0,0,0,0,0,0,0,0,0,0,0,0,0,0,1,0,0,0,0,0,0,0,0,0,0,0,0,0,0,0,0,0,0,0,0,coyote,TRUE,TRUE,mixed,Dangermond,NA,NA
D.06.25.23.C13,0,1,0,0,0,0,0,0,0,0,0,0,0,0,0,0,0,0,0,0,0,0,0,0,0,0,0,0,0,1,0,0,0,0,0,0,0,0,0,0,0,0,0,0,0,0,0,0,0,0,0,coyote,FALSE,TRUE,terrestrial,Dangermond,NA,NA
D.06.25.23.C15,0,1,0,0,0,0,0,1,0,0,0,0,0,0,0,0,0,0,0,0,0,0,0,0,0,0,0,0,0,0,0,0,0,0,0,0,0,0,0,0,0,0,0,0,0,0,0,0,0,0,0,coyote,FALSE,TRUE,terrestrial,Dangermond,NA,NA
D.06.25.23.C2,0,1,0,1,0,0,0,0,0,0,0,0,0,1,0,0,0,0,0,0,0,0,0,0,0,0,0,0,0,0,0,0,0,0,0,0,0,0,0,0,0,0,0,0,0,0,0,0,0,0,0,coyote,FALSE,TRUE,terrestrial,Dangermond,-120.445001,34.45123476
D.06.25.23.C3,0,1,0,1,0,0,1,0,0,0,0,0,0,1,0,0,0,0,0,0,0,0,0,0,0,0,0,0,0,0,0,0,0,0,0,0,0,0,0,0,0,0,0,0,0,0,0,0,0,0,0,coyote,FALSE,TRUE,terrestrial,Dangermond,-120.4454191,34.45158411
D.06.25.23.C4,0,1,0,1,0,0,1,0,0,0,0,0,0,0,0,0,0,0,0,0,0,0,0,0,0,0,0,0,0,0,0,0,0,0,0,0,0,0,0,0,0,0,0,0,0,0,0,0,0,0,0,coyote,FALSE,TRUE,terrestrial,Dangermond,-120.447627,34.45149573
D.06.25.23.C5,0,1,0,0,0,0,0,0,0,0,0,0,0,0,0,0,0,0,0,0,0,0,0,0,0,0,0,0,0,1,0,0,0,0,0,0,0,0,0,0,0,0,0,0,0,0,0,0,0,0,0,coyote,FALSE,TRUE,terrestrial,Dangermond,NA,NA
D.06.25.23.C6,0,1,0,1,0,0,1,0,0,0,0,0,0,1,0,0,0,0,0,0,0,0,0,0,0,0,0,0,0,0,0,0,0,0,0,0,0,0,0,0,0,0,0,0,0,0,0,0,0,0,0,coyote,FALSE,TRUE,terrestrial,Dangermond,-120.4664817,34.46944833
D.06.25.23.C7,0,1,0,0,0,0,1,0,0,0,0,0,0,1,0,0,0,0,0,0,0,0,0,0,0,0,0,0,0,0,0,0,0,0,0,0,0,0,0,0,0,0,0,0,0,0,0,0,0,0,0,coyote,FALSE,TRUE,terrestrial,Dangermond,-120.4664012,34.46951612
D.06.25.23.C8,0,0,0,1,0,0,1,0,0,0,0,0,0,0,0,0,0,0,0,0,0,0,0,0,0,0,0,0,0,0,0,0,0,0,0,0,0,0,0,0,0,0,0,0,0,0,0,0,0,0,0,coyote,FALSE,TRUE,terrestrial,Dangermond,-120.4664079,34.46950476
D.06.25.23.C9,0,0,0,0,0,0,0,0,0,0,0,0,0,0,0,0,0,0,0,0,0,0,0,0,0,0,0,0,0,0,0,0,0,0,0,0,0,0,0,0,0,0,0,0,0,0,0,0,0,0,0,coyote,FALSE,FALSE,none,Dangermond,-120.4663651,34.46951871
D.06.25.23.unk2,0,0,0,0,0,0,0,0,0,0,0,0,1,0,0,0,0,0,0,0,0,0,0,0,0,0,0,0,0,0,0,0,0,0,0,0,0,0,0,0,0,0,0,0,0,0,0,0,0,0,0,coyote,TRUE,FALSE,marine,Dangermond,NA,NA
D.06.25.23.P2,0,1,0,0,1,1,1,0,0,0,0,0,0,0,0,0,0,0,0,0,0,0,0,0,0,0,0,0,0,0,0,1,1,0,0,0,0,0,0,0,0,0,0,0,0,0,0,0,0,0,0,coyote,TRUE,TRUE,mixed,Dangermond,NA,NA
D.06.26.23.B1,0,0,0,0,0,0,1,0,0,0,0,0,0,0,0,0,0,0,0,0,0,0,0,0,0,0,0,0,0,0,0,0,0,0,0,0,0,0,0,0,0,0,0,0,0,0,0,0,0,0,0,coyote,FALSE,TRUE,terrestrial,Dangermond,-120.4730243,34.45986995
D.06.26.23.B2,0,1,0,1,0,0,0,1,0,0,0,0,0,0,0,0,0,0,0,0,0,0,0,0,0,0,0,0,0,0,0,0,0,1,0,0,0,0,0,0,0,0,0,0,0,0,0,0,0,0,0,coyote,FALSE,TRUE,terrestrial,Dangermond,-120.4738304,34.4674196
D.06.26.23.B3,0,1,0,1,0,0,0,0,0,0,0,0,0,1,0,0,0,0,0,0,0,0,0,0,0,0,0,0,0,0,0,0,0,0,0,0,0,0,0,0,0,0,0,0,0,0,0,0,0,0,0,coyote,FALSE,TRUE,terrestrial,Dangermond,-120.4737367,34.46763958
D.06.26.23.F1,0,0,0,1,0,0,0,0,0,0,0,0,0,0,0,0,0,0,0,0,0,0,0,0,0,0,0,0,0,0,0,0,0,0,1,1,0,0,0,0,0,0,0,0,0,0,0,0,0,0,0,coyote,TRUE,TRUE,mixed,Dangermond,-120.4736763,34.46773826
D.06.26.23.P2,0,1,0,0,0,0,0,0,0,0,0,0,0,1,0,0,0,0,0,0,0,0,0,0,0,0,0,0,0,0,0,0,0,0,0,0,0,0,0,0,0,0,0,0,0,0,0,0,0,0,0,coyote,FALSE,TRUE,terrestrial,Dangermond,NA,NA
D.06.27.23.B1,0,1,0,0,0,0,0,0,0,0,0,0,0,0,0,0,0,0,0,0,0,0,0,0,0,0,0,0,0,0,0,0,0,0,0,0,1,1,0,0,0,0,0,0,0,0,0,0,0,0,0,coyote,FALSE,TRUE,terrestrial,Dangermond,-120.4442888,34.4517026
D.06.27.23.B2,0,1,0,0,0,0,0,0,0,0,0,0,0,0,0,0,0,0,0,0,0,0,0,0,0,0,0,0,0,0,0,0,0,0,0,0,0,0,1,0,0,0,0,0,0,0,0,0,0,0,0,coyote,TRUE,TRUE,mixed,Dangermond,-120.4401475,34.45193927
D.06.27.23.B3,0,1,0,1,0,0,0,0,0,0,0,0,0,1,0,0,0,0,0,0,0,0,0,0,0,0,0,0,0,0,0,0,0,0,0,0,0,0,0,0,0,0,0,0,0,0,0,0,0,0,0,coyote,FALSE,TRUE,terrestrial,Dangermond,-120.4400732,34.45195087
D.06.27.23.B4,0,0,0,1,0,0,1,0,0,0,0,0,0,0,0,0,0,0,0,0,0,0,0,0,1,0,0,0,0,0,0,0,0,0,0,0,0,0,0,0,0,0,0,0,0,0,0,0,0,0,0,bobcat,FALSE,TRUE,terrestrial,Dangermond,-120.4437482,34.45269652
D.06.27.23.UNK1,0,0,0,0,0,0,0,0,0,0,0,0,0,0,0,0,0,0,0,0,0,0,0,0,0,0,0,0,0,0,0,0,0,0,0,0,0,0,0,0,0,0,0,0,0,0,0,0,0,0,0,wild boar,FALSE,FALSE,none,Dangermond,-120.4402338,34.45192177
D.06.27.23.U1,0,0,0,0,0,0,0,0,0,0,0,0,0,0,0,0,0,0,0,0,0,0,0,0,0,0,0,0,0,0,0,0,0,0,0,0,0,0,0,0,0,0,0,0,0,0,0,0,0,0,0,wild boar,FALSE,FALSE,none,Dangermond,-120.4404054,34.4519204
D.06.28.23.B1,0,0,0,0,0,0,0,0,0,1,0,0,0,0,0,0,0,0,0,0,0,0,0,0,0,0,0,0,0,0,0,0,0,0,0,0,0,0,0,0,0,0,0,0,0,0,0,0,0,0,0,bobcat,FALSE,TRUE,terrestrial,Dangermond,-120.4445108,34.45937928
D.06.28.23.B10,0,0,0,0,0,0,0,0,0,0,0,0,0,0,0,0,0,0,0,0,0,0,0,0,0,0,0,0,0,0,0,0,0,0,0,0,0,0,0,0,0,0,0,0,0,0,0,0,0,0,0,bobcat,FALSE,FALSE,none,Dangermond,-120.4454491,34.45875192
D.06.28.23.B2,0,0,0,0,0,0,0,0,0,0,0,0,0,0,0,0,0,0,0,0,0,0,0,0,0,0,0,0,0,0,0,0,0,0,0,0,0,0,0,0,0,0,0,0,0,0,0,0,0,0,0,bobcat,FALSE,FALSE,none,Dangermond,-120.4445801,34.45982696
D.06.28.23.B3,0,0,0,1,0,0,1,0,0,0,0,0,0,0,0,0,0,0,0,0,0,0,0,0,0,0,0,0,0,0,0,0,0,0,0,0,0,0,0,0,0,0,0,0,0,0,0,0,0,0,0,bobcat,FALSE,TRUE,terrestrial,Dangermond,-120.4575423,34.44520696
D.06.28.23.B4,0,0,0,0,0,0,1,0,0,0,0,0,0,0,0,0,0,0,0,0,0,0,0,0,0,0,0,0,0,0,0,0,0,0,0,0,0,0,0,0,0,0,0,0,0,0,0,0,0,0,0,bobcat,FALSE,TRUE,terrestrial,Dangermond,-120.4575407,34.44519436
D.06.28.23.B5,0,1,0,1,0,0,0,0,0,0,0,0,0,0,0,0,0,0,0,0,0,0,0,0,0,0,0,0,0,0,1,0,0,0,0,0,0,0,0,1,0,0,0,0,0,0,0,0,0,0,0,coyote,FALSE,TRUE,terrestrial,Dangermond,-120.4529745,34.44596428
D.06.28.23.B6,0,0,0,1,1,0,0,0,0,0,0,0,0,0,0,0,0,0,0,0,0,0,0,0,0,0,0,0,0,0,0,0,0,0,0,0,0,0,0,0,0,0,0,0,0,0,0,0,0,0,0,coyote,TRUE,TRUE,mixed,Dangermond,-120.4527053,34.44799712
D.06.28.23.B7,0,0,0,1,0,0,0,0,0,0,0,0,0,0,0,0,0,0,0,0,0,0,0,0,0,0,0,0,1,0,0,0,0,0,0,0,0,0,0,0,0,0,0,0,0,0,0,0,0,0,0,bobcat,FALSE,TRUE,terrestrial,Dangermond,-120.4447624,34.46042902
D.06.28.23.B8,0,0,0,0,0,0,0,0,0,0,0,0,0,0,0,0,0,0,0,0,0,0,0,0,1,0,0,0,0,0,0,0,0,0,0,0,0,0,0,0,0,0,0,0,0,0,0,0,0,0,0,bobcat,FALSE,TRUE,terrestrial,Dangermond,-120.4447837,34.46048558
D.06.28.23.B9,0,0,0,0,0,0,0,0,0,0,0,0,0,0,0,0,0,0,0,0,0,0,0,0,0,0,0,0,0,0,0,0,0,0,0,0,0,0,0,0,0,0,0,0,0,0,0,0,0,0,0,bobcat,FALSE,FALSE,none,Dangermond,-120.4458635,34.4622638
D.06.28.23.C1,0,0,0,0,0,0,0,0,0,0,0,0,0,0,0,0,0,0,0,0,0,0,0,0,0,0,0,0,0,0,0,0,0,0,0,0,0,0,0,0,0,0,0,0,0,0,0,0,0,0,0,bobcat,FALSE,FALSE,none,Dangermond,-120.4445953,34.45857941
D.06.28.23.C10,0,0,0,0,0,0,1,0,0,0,0,0,0,0,0,0,0,0,0,0,0,0,0,0,0,0,0,0,0,0,0,0,0,0,0,0,0,0,0,0,0,0,0,0,0,0,0,0,0,0,0,bobcat,FALSE,TRUE,terrestrial,Dangermond,-120.4462924,34.4630422
D.06.28.23.C11,0,1,0,0,0,0,0,0,0,0,0,0,0,0,0,0,0,0,0,0,0,0,0,0,0,0,0,0,0,0,0,0,0,0,0,0,0,0,0,0,0,0,0,0,0,0,0,0,0,0,0,coyote,FALSE,TRUE,terrestrial,Dangermond,-120.4462533,34.46301979
D.06.28.23.C12,0,0,0,0,0,0,0,0,0,0,0,0,0,0,0,0,0,0,0,0,0,0,0,0,0,0,0,0,0,0,0,0,0,0,0,0,0,0,0,0,0,0,0,0,0,0,0,0,0,0,0,bobcat,FALSE,FALSE,none,Dangermond,-120.4457637,34.46143659
D.06.28.23.C2,0,1,0,0,0,0,0,1,0,0,0,0,0,1,0,0,0,0,0,0,0,0,0,0,0,0,0,0,0,0,0,0,0,0,0,0,0,0,0,0,0,0,0,0,0,0,0,0,0,0,0,coyote,FALSE,TRUE,terrestrial,Dangermond,-120.4446619,34.46002627
D.06.28.23.C3,0,0,0,1,1,1,0,0,0,0,0,0,0,0,0,0,0,0,0,0,0,0,1,0,0,0,0,0,0,1,0,0,0,0,0,0,0,0,0,0,0,0,0,0,0,0,0,0,0,0,0,coyote,TRUE,TRUE,mixed,Dangermond,-120.4526182,34.4427455
D.06.28.23.C4,0,0,0,0,1,0,0,0,0,0,0,0,0,0,0,0,0,0,0,0,0,1,0,0,0,0,0,0,0,0,0,0,0,0,0,0,0,0,0,0,0,0,0,0,0,0,0,0,0,0,0,coyote,TRUE,TRUE,mixed,Dangermond,-120.4523035,34.44302967
D.06.28.23.C5,0,1,0,0,0,0,0,0,0,0,0,0,0,0,0,0,0,0,0,0,0,0,0,0,0,0,0,0,0,0,0,0,0,0,0,0,0,0,0,0,0,0,0,0,0,0,0,0,0,0,0,coyote,FALSE,TRUE,terrestrial,Dangermond,-120.4522382,34.44316288
D.06.28.23.C6,0,1,0,1,0,0,0,0,0,0,0,0,0,1,0,0,0,0,0,0,0,0,0,0,0,0,0,0,0,0,0,0,0,0,0,0,0,0,0,0,0,0,0,0,0,0,0,0,0,0,0,coyote,FALSE,TRUE,terrestrial,Dangermond,-120.4527302,34.44797624
D.06.28.23.C7,0,1,0,1,0,0,0,0,0,0,1,0,0,0,1,0,0,0,0,0,0,0,0,0,1,0,0,0,0,0,0,0,0,0,0,0,0,0,0,0,0,0,0,0,0,0,0,0,0,0,0,coyote,FALSE,TRUE,terrestrial,Dangermond,-120.4525972,34.44872636
D.06.28.23.F1,0,1,0,0,0,0,1,0,0,0,0,0,0,1,0,0,0,0,0,0,0,0,0,0,0,0,0,0,0,0,0,0,0,0,0,0,0,0,0,0,0,1,0,0,0,0,0,0,0,0,0,coyote,FALSE,TRUE,terrestrial,Dangermond,NA,NA
D.06.28.23.P1,0,0,0,1,0,0,0,0,0,0,0,0,0,0,0,0,0,0,0,0,0,0,0,0,0,0,0,0,0,0,0,0,0,0,0,0,0,0,0,0,0,0,0,0,0,0,0,0,0,0,0,coyote,FALSE,TRUE,terrestrial,Dangermond,-120.4526636,34.44831016
D.07.11.23.B1,0,0,0,1,0,0,1,0,0,1,0,0,0,0,0,0,0,0,0,0,0,0,0,0,0,0,0,0,0,0,0,0,0,0,0,0,0,0,0,0,0,0,0,0,0,0,0,0,0,0,0,bobcat,FALSE,TRUE,terrestrial,Dangermond,-120.4447249,34.46109956
D.07.11.23.B2,0,1,0,0,0,0,0,0,0,0,0,0,0,1,0,0,0,0,0,0,0,0,0,0,0,0,0,0,1,0,0,0,0,0,0,0,0,0,0,0,0,0,0,0,0,0,0,0,0,0,0,coyote,FALSE,TRUE,terrestrial,Dangermond,-120.4480742,34.46564462
D.07.11.23.B3,0,1,0,0,0,0,1,1,0,0,0,0,0,0,0,0,0,0,0,0,0,0,0,0,0,0,0,0,1,0,0,0,0,0,0,0,0,0,0,0,0,0,1,0,0,0,0,0,0,0,0,bobcat,FALSE,TRUE,terrestrial,Dangermond,-120.445442,34.45940341
D.07.11.23.B4,0,0,0,0,0,0,1,0,0,0,0,0,0,0,0,0,0,0,0,0,0,0,0,0,0,0,0,0,1,0,0,0,0,0,0,0,0,0,0,0,0,0,0,0,0,0,0,0,0,0,0,bobcat,FALSE,TRUE,terrestrial,Dangermond,-120.4456521,34.45783213
D.07.11.23.C1,0,1,0,0,1,0,0,0,0,0,1,0,0,0,0,0,0,0,0,0,0,1,0,0,0,0,0,0,0,0,0,0,0,0,0,0,0,0,0,0,0,0,0,0,0,0,0,0,0,0,0,coyote,TRUE,TRUE,mixed,Dangermond,NA,NA
D.07.11.23.C3,0,1,0,1,0,0,0,0,0,0,0,0,0,1,0,0,0,0,0,0,0,0,0,0,0,0,0,0,0,0,0,0,0,0,0,0,0,0,0,0,0,0,0,0,0,0,0,0,0,0,0,coyote,FALSE,TRUE,terrestrial,Dangermond,-120.4731053,34.46015423
D.07.11.23.C4,0,1,0,1,0,0,0,0,0,0,0,0,0,0,0,0,0,0,0,0,0,0,0,0,0,0,0,0,0,0,0,0,0,0,0,0,0,0,0,0,0,0,0,0,0,0,0,0,0,0,0,coyote,FALSE,TRUE,terrestrial,Dangermond,-120.4736117,34.46316473
D.07.11.23.C5,0,0,0,1,0,0,1,0,0,0,0,0,0,0,0,0,0,0,0,0,0,0,0,0,0,0,0,0,0,0,0,0,0,0,0,0,0,0,0,0,0,0,0,1,0,0,0,0,0,0,0,coyote,TRUE,TRUE,mixed,Dangermond,-120.4735564,34.46557143
D.07.11.23.C6,0,0,0,1,1,1,0,0,0,0,0,0,0,0,0,0,0,0,0,0,0,0,0,0,0,0,0,0,0,0,0,0,0,0,0,0,0,0,0,0,0,0,0,0,0,0,0,0,0,0,0,coyote,TRUE,TRUE,mixed,Dangermond,-120.4736611,34.46628807
D.07.11.23.C7,0,1,0,0,0,0,1,0,0,0,0,0,0,0,0,0,0,0,0,0,0,0,0,0,0,0,0,0,1,0,0,0,0,0,0,0,0,0,0,0,0,0,0,0,0,0,0,0,0,0,0,coyote,FALSE,TRUE,terrestrial,Dangermond,-120.4732802,34.4609022
D.07.11.23.C9,0,0,0,0,0,0,0,0,0,0,0,0,0,0,0,0,0,0,0,0,0,0,0,0,0,0,0,0,0,0,0,0,0,0,0,0,0,0,0,0,0,0,0,0,0,0,0,0,0,0,0,puma,FALSE,FALSE,none,Dangermond,-120.4447377,34.46260912
D.07.11.23.D1,0,0,0,0,0,0,0,0,0,0,0,0,0,0,0,0,0,0,0,0,0,0,0,0,0,0,0,0,0,0,0,0,0,0,0,0,0,0,0,0,0,0,0,0,0,0,0,0,0,0,0,mule deer,FALSE,FALSE,none,Dangermond,-120.4531403,34.45569391
D.07.11.23.D2,0,0,0,0,0,0,0,0,0,0,0,0,0,0,0,0,0,0,0,0,0,0,0,0,0,0,0,0,0,0,0,0,0,0,0,0,0,0,0,0,0,0,0,0,0,0,0,0,0,0,0,mule deer,FALSE,FALSE,none,Dangermond,-120.4528336,34.45530633
D.07.13.23.B2,0,1,0,0,0,0,0,0,0,0,0,0,0,1,0,0,0,0,0,0,0,0,0,0,0,0,0,0,0,0,0,0,0,0,0,0,0,0,0,0,0,0,0,0,0,0,0,0,0,0,0,coyote,FALSE,TRUE,terrestrial,Dangermond,-120.4400129,34.45193483
D.07.13.23.D1,0,0,0,0,0,0,0,0,0,0,0,0,0,0,0,0,0,0,0,0,0,0,0,0,0,0,0,0,0,0,0,0,0,0,0,0,0,0,0,0,0,0,0,0,0,0,0,0,0,0,0,mule deer,FALSE,FALSE,none,Dangermond,-120.4522215,34.4495927
D.07.13.23.D2,0,0,0,0,0,0,0,0,0,0,0,0,0,0,0,0,0,0,0,0,0,0,0,0,0,0,0,0,0,0,0,0,0,0,0,0,0,0,0,0,0,0,0,0,0,0,0,0,0,0,0,mule deer,FALSE,FALSE,none,Dangermond,-120.452204,34.44966868
D.07.13.23.D3,0,0,0,0,0,0,0,0,0,0,0,0,0,0,0,0,0,0,0,0,0,0,0,0,0,0,0,0,0,0,0,0,0,0,0,0,0,0,0,0,0,0,0,0,0,0,0,0,0,0,0,mule deer,FALSE,FALSE,none,Dangermond,-120.4522702,34.45033774
D.07.13.23.D4,0,0,0,0,0,0,0,0,0,0,0,0,0,0,0,0,0,0,0,0,0,0,0,0,0,0,0,0,0,0,0,0,0,0,0,0,0,0,0,0,0,0,0,0,0,0,0,0,0,0,0,mule deer,FALSE,FALSE,none,Dangermond,-120.4392622,34.45198803
D.07.13.23.U1,0,0,0,0,0,0,0,0,0,0,0,0,0,0,0,1,0,0,0,0,0,0,0,0,0,0,0,0,0,0,0,0,0,0,0,0,0,0,0,0,0,0,0,0,0,0,0,0,0,0,0,wild boar,FALSE,TRUE,terrestrial,Dangermond,-120.4390954,34.45217933
D.07.13.23.U2,0,0,0,0,0,0,0,0,0,0,0,0,0,0,0,0,0,0,0,0,0,0,0,0,0,0,0,0,0,0,0,0,0,0,0,0,0,0,0,0,0,0,0,0,0,0,0,0,0,0,0,wild boar,FALSE,FALSE,none,Dangermond,-120.4391271,34.45215618
D.07.13.23.U3,0,0,0,0,0,0,0,0,0,0,0,0,0,0,0,0,0,0,0,0,0,0,0,0,0,0,0,0,0,0,0,0,0,0,0,0,0,0,0,0,0,0,0,0,0,0,0,0,0,0,0,wild boar,FALSE,FALSE,none,Dangermond,-120.4403203,34.45202664
D.07.18.23.B1,0,0,0,1,0,0,1,0,0,0,0,0,0,0,0,0,0,0,0,0,0,0,0,0,0,0,0,0,0,0,0,0,0,0,0,0,0,0,0,0,0,0,0,0,0,0,0,0,0,0,0,coyote,FALSE,TRUE,terrestrial,Dangermond,-120.4445582,34.45876149
D.07.18.23.C1,0,1,0,0,0,0,0,0,0,1,0,0,0,1,0,0,0,0,0,0,0,0,0,0,0,0,0,0,0,0,0,0,0,0,0,0,0,0,0,0,0,0,0,0,0,0,0,0,0,0,0,coyote,FALSE,TRUE,terrestrial,Dangermond,-120.473856,34.46779341
D.07.18.23.C2,0,1,0,0,0,0,0,0,0,0,0,0,0,0,0,0,0,0,0,0,0,0,0,0,0,0,0,0,0,0,0,0,0,0,0,0,0,0,0,0,0,0,0,0,0,0,0,0,0,0,0,coyote,FALSE,TRUE,terrestrial,Dangermond,-120.4735408,34.46783027
D.07.20.23.B1,0,1,0,0,0,0,0,0,0,0,0,0,0,0,0,0,0,0,0,0,0,0,0,0,0,0,0,0,0,0,0,0,0,0,0,0,0,0,0,0,0,0,0,0,0,0,0,0,0,0,0,bobcat,FALSE,TRUE,terrestrial,Dangermond,-120.4408823,34.45235743
D.07.20.23.C1,0,0,0,0,0,0,0,0,0,0,0,0,0,1,0,0,0,0,0,0,0,0,0,0,0,0,0,0,0,0,0,0,0,0,0,0,0,0,0,0,0,0,0,0,0,0,0,0,0,0,0,coyote,FALSE,TRUE,terrestrial,Dangermond,-120.4185015,34.453255
D.07.20.23.C2,0,0,0,0,0,0,0,0,0,0,0,0,0,0,0,0,0,0,0,0,0,0,0,0,0,0,0,0,0,0,0,0,0,0,0,0,0,0,0,0,0,0,0,0,0,0,0,0,0,0,0,wild boar,FALSE,FALSE,none,Dangermond,-120.4413835,34.45219091
D.07.20.23.U1,0,0,0,0,0,0,0,0,0,0,0,0,0,0,0,0,0,0,0,0,0,0,0,0,0,0,0,0,0,0,0,0,0,0,0,0,0,0,0,0,0,0,0,0,0,0,0,0,0,0,0,wild boar,FALSE,FALSE,none,Dangermond,-120.4412235,34.4522208
D.07.24.23.B1,0,1,0,1,0,0,0,0,0,0,0,0,0,0,0,0,0,0,0,0,0,0,0,0,0,0,0,0,0,0,0,0,0,0,0,0,0,0,0,0,0,0,0,0,0,0,0,0,0,0,0,coyote,FALSE,TRUE,terrestrial,Dangermond,-120.4596581,34.51996235
D.07.24.23.B2,0,0,0,0,0,0,0,0,0,0,0,1,0,0,0,0,0,0,0,0,0,0,0,0,0,0,0,0,0,0,0,0,0,0,0,0,0,0,0,0,0,0,0,0,0,0,0,0,0,0,0,bobcat,FALSE,TRUE,terrestrial,Dangermond,-120.460141,34.51697626
D.07.24.23.C1,0,1,0,0,0,0,0,0,0,0,0,0,0,0,0,0,0,0,1,0,0,0,0,0,0,0,0,0,0,0,0,0,0,0,0,0,0,0,0,0,0,0,0,0,0,0,0,0,0,0,0,coyote,FALSE,TRUE,terrestrial,Dangermond,-120.4639769,34.51984651
D.07.24.23.C2,0,1,0,0,0,0,0,0,0,0,0,0,0,0,0,0,0,0,1,0,0,0,0,0,0,0,0,0,0,0,0,0,0,0,0,0,0,0,0,0,0,0,0,0,0,0,0,0,0,0,0,coyote,FALSE,TRUE,terrestrial,Dangermond,-120.464117,34.51898604
D.07.26.23.U1,0,0,0,0,0,0,0,0,0,0,0,0,0,0,0,0,0,0,0,0,0,0,0,0,0,0,0,0,0,0,0,0,0,0,0,0,0,0,0,0,0,0,0,0,0,0,0,0,0,0,0,wild boar,FALSE,FALSE,none,Dangermond,-120.4414553,34.45220031
D.07.26.23.U2,0,0,0,0,0,0,0,0,0,0,0,0,0,0,0,0,0,0,0,0,0,1,0,0,0,0,0,0,0,0,0,0,0,0,0,0,0,0,0,0,0,0,0,0,0,0,0,0,0,0,0,wild boar,FALSE,TRUE,terrestrial,Dangermond,-120.441401,34.45222204
D.07.26.23.U3,0,0,0,0,0,0,0,0,0,0,0,0,0,0,0,0,0,0,0,0,0,0,0,0,0,0,0,0,0,0,0,0,0,0,0,0,0,0,0,0,0,0,0,0,0,0,0,0,0,0,0,wild boar,FALSE,FALSE,none,Dangermond,-120.4411162,34.45221365
D.07.31.23.B1,0,1,0,0,0,0,0,1,0,0,0,0,0,0,0,0,0,0,0,0,0,0,0,0,0,0,0,0,0,0,0,0,0,0,0,0,0,0,0,0,0,0,0,0,0,0,0,0,0,0,0,bobcat,FALSE,TRUE,terrestrial,Dangermond,-120.4410698,34.45231164
D.07.31.23.C1,0,0,0,0,1,1,0,0,0,0,0,0,0,0,0,0,0,0,0,0,0,0,0,0,0,0,0,0,0,0,0,0,0,0,0,0,0,0,0,0,0,0,0,0,0,0,0,0,0,0,0,coyote,TRUE,FALSE,marine,Dangermond,-120.4445654,34.45788059
D.00.00.22.H1,0,0,0,0,0,0,0,0,0,0,0,0,0,0,1,0,0,0,0,0,0,0,0,0,0,0,0,0,0,0,0,0,0,0,0,0,0,0,0,0,0,0,0,0,0,0,0,1,0,0,0,wild boar,FALSE,TRUE,terrestrial,Dangermond,-120.442242,34.500704
D.00.00.22.H10,0,0,0,0,0,0,0,0,0,0,0,0,0,0,1,0,0,0,0,0,0,0,0,0,0,0,0,0,0,0,0,0,0,0,0,0,0,0,0,0,0,0,0,0,0,0,0,1,0,0,0,wild boar,FALSE,TRUE,terrestrial,Dangermond,-120.442857,34.501017
D.00.00.22.H11,0,0,0,0,0,0,0,0,0,0,0,0,0,0,1,0,0,0,0,0,0,0,0,0,0,0,0,0,0,0,0,0,0,0,0,0,0,0,0,0,0,0,0,0,0,0,0,1,0,0,0,wild boar,FALSE,TRUE,terrestrial,Dangermond,-120.442857,34.501017
D.00.00.22.H12,0,0,0,0,0,0,0,0,0,0,0,0,0,0,0,0,0,0,0,0,0,0,0,0,0,0,0,0,0,0,0,0,0,0,0,0,0,0,0,0,0,0,0,0,0,0,0,0,0,0,0,wild boar,FALSE,FALSE,none,Dangermond,-120.442755,34.501038
D.00.00.22.H13,0,0,0,0,0,0,0,0,0,0,0,0,0,0,0,0,0,0,0,0,0,0,0,0,0,0,0,0,0,0,0,0,0,0,0,0,0,0,0,0,0,0,0,0,0,0,0,0,0,0,0,wild boar,FALSE,FALSE,none,Dangermond,-120.442755,34.501038
D.00.00.22.H14,0,0,0,0,0,0,0,0,0,0,0,0,0,0,1,0,0,0,0,0,0,0,0,0,0,0,0,0,0,0,0,0,0,0,0,0,0,0,0,0,0,0,0,0,0,0,0,1,0,0,0,wild boar,FALSE,TRUE,terrestrial,Dangermond,-120.442242,34.500704
D.00.00.22.H2,0,0,0,0,0,0,0,0,0,0,0,0,0,0,0,0,0,0,0,0,0,0,0,0,0,0,0,0,0,0,0,0,0,0,0,0,0,0,0,0,0,0,0,0,0,0,0,0,0,0,0,bobcat,FALSE,FALSE,none,Dangermond,-120.446802,34.457301
D.00.00.22.H3,0,0,0,0,0,0,0,0,0,0,0,0,0,0,0,0,0,0,0,0,0,0,0,0,0,0,0,0,0,0,0,0,0,0,0,0,0,0,0,0,0,0,0,0,0,0,0,0,0,0,0,wild boar,FALSE,FALSE,none,Dangermond,-120.446802,34.457301
D.00.00.22.H4,0,0,0,0,0,0,0,0,0,0,1,0,0,0,0,0,0,0,0,0,0,0,0,0,0,0,0,0,0,0,0,0,0,0,0,0,0,0,0,0,0,0,0,0,0,0,0,0,0,0,0,wild boar,FALSE,TRUE,terrestrial,Dangermond,-120.45586,34.47217
D.00.00.22.H6,0,0,0,0,0,0,0,0,0,0,0,0,0,0,0,0,0,0,0,0,0,0,0,0,0,0,0,0,0,0,0,0,0,0,0,0,0,0,0,0,0,0,0,0,0,0,0,0,0,0,0,wild boar,FALSE,FALSE,none,Dangermond,NA,NA
D.00.00.22.H7,0,0,0,0,0,0,0,0,0,0,0,0,0,0,1,0,0,0,0,0,0,0,0,0,0,0,0,0,0,0,0,0,0,0,0,0,0,0,0,0,0,0,0,0,0,0,0,0,0,0,0,wild boar,FALSE,TRUE,terrestrial,Dangermond,NA,NA
D.00.00.22.H8,0,0,0,0,0,0,0,0,0,0,0,0,0,0,0,0,0,0,0,0,0,0,0,0,0,0,0,0,0,0,0,0,0,0,0,0,0,0,0,0,0,0,0,0,0,0,0,0,0,0,0,wild boar,FALSE,FALSE,none,Dangermond,-120.45586,34.47217
D.08.04.23.B1,0,0,0,1,0,0,0,0,0,0,0,0,0,0,0,0,0,0,0,0,0,0,0,0,0,0,0,0,0,0,0,0,0,0,0,0,0,0,0,0,0,0,0,0,0,0,0,0,0,0,0,bobcat,FALSE,TRUE,terrestrial,Dangermond,-120.4447544,34.46048158
D.08.04.23.B2,0,0,0,1,0,0,1,0,0,1,0,0,0,0,0,0,0,0,0,0,0,0,0,0,0,0,0,0,0,0,0,0,0,0,0,0,0,0,0,0,0,0,0,0,0,0,0,0,0,0,0,bobcat,FALSE,TRUE,terrestrial,Dangermond,-120.4447665,34.46046901
D.08.04.23.P1,0,0,0,1,0,0,0,0,0,0,0,0,0,0,0,0,0,0,0,0,0,0,0,0,0,0,0,0,0,0,0,0,0,0,0,0,0,0,0,0,0,0,0,0,0,0,0,0,0,0,0,bobcat,FALSE,TRUE,terrestrial,Dangermond,-120.4447483,34.46075222
D.08.10.23.B1,0,0,0,1,0,0,0,0,0,1,0,0,0,0,0,0,0,0,0,0,0,0,0,0,0,0,0,0,0,0,0,0,0,0,0,0,0,0,0,0,0,0,0,0,0,0,0,0,0,0,0,bobcat,FALSE,TRUE,terrestrial,Dangermond,-120.4445006,34.45919642
D.08.10.23.B2,0,0,0,0,0,0,0,0,0,0,0,0,0,0,0,0,0,0,0,0,0,0,0,0,0,0,0,0,0,0,0,0,0,0,0,0,0,0,0,0,0,0,0,0,0,0,0,0,0,0,0,bobcat,FALSE,FALSE,none,Dangermond,-120.4447349,34.4605144
D.08.10.23.B3,0,1,0,0,0,0,0,0,0,0,0,0,0,0,0,0,0,0,0,0,0,0,0,0,0,0,0,0,1,0,0,0,0,0,0,0,0,0,0,0,0,0,0,0,0,0,0,0,0,0,0,bobcat,FALSE,TRUE,terrestrial,Dangermond,-120.4447541,34.46046312
D.08.10.23.B4,0,0,0,0,0,0,0,1,0,1,0,0,0,0,0,0,0,0,0,0,0,0,0,0,0,0,0,0,0,0,0,0,0,1,0,0,0,0,0,0,0,0,0,0,0,0,0,0,0,0,0,bobcat,FALSE,TRUE,terrestrial,Dangermond,-120.4446927,34.46046667
D.08.10.23.B5,0,1,0,0,0,0,0,1,0,0,0,0,0,0,0,0,0,0,0,0,0,0,0,0,0,0,0,0,0,0,0,0,0,0,0,0,0,0,0,0,0,0,0,0,0,0,0,0,0,0,0,bobcat,FALSE,TRUE,terrestrial,Dangermond,-120.4447262,34.46043258
D.08.10.23.B6,0,0,0,0,0,0,0,0,0,0,0,0,0,0,0,0,0,0,0,0,0,0,0,0,0,0,0,0,0,0,0,0,0,0,0,0,0,0,0,0,0,0,0,0,0,0,0,0,0,0,0,coyote,FALSE,FALSE,none,Dangermond,-120.4720811,34.45986816
D.08.10.23.B7,0,0,0,0,0,0,0,0,0,0,0,0,0,0,0,0,0,0,0,0,0,0,0,0,0,0,0,0,0,0,0,0,0,0,0,0,0,0,0,0,0,0,0,0,0,0,0,0,0,0,0,wild boar,FALSE,FALSE,none,Dangermond,-120.441452,34.45220208
D.08.10.23.C1,0,0,0,0,0,0,0,1,0,0,0,0,0,0,0,0,0,0,0,0,0,0,0,0,0,0,0,0,0,0,0,0,0,1,0,0,0,0,0,0,0,0,0,0,0,0,0,0,1,0,0,bobcat,FALSE,TRUE,terrestrial,Dangermond,-120.444731,34.46047341
D.08.10.23.C2,0,0,0,0,0,0,0,0,0,0,0,0,0,0,0,0,0,0,0,0,0,0,0,0,0,0,0,0,0,0,0,0,0,0,0,0,0,0,0,0,0,0,0,0,0,0,0,0,0,0,0,coyote,FALSE,FALSE,none,Dangermond,-120.4715869,34.45949875
D.08.10.23.D1,0,0,0,0,0,0,0,0,0,0,0,0,0,0,0,0,0,0,0,0,0,0,0,0,0,0,0,0,0,0,0,0,0,0,0,0,0,0,0,0,0,0,0,0,0,0,0,0,0,0,0,mule deer,FALSE,FALSE,none,Dangermond,-120.4447585,34.46042905
D.08.10.23.H1,0,0,0,0,0,0,0,0,0,0,0,0,0,0,0,0,0,0,0,0,0,0,0,0,0,0,0,0,0,0,0,0,0,0,0,0,0,0,0,0,0,0,0,0,0,0,0,0,0,0,0,mule deer,FALSE,FALSE,none,Dangermond,-120.4447554,34.46043351
D.08.10.23.P1,0,0,0,0,0,0,0,0,0,0,0,0,0,0,0,0,0,0,0,0,0,0,0,0,0,0,0,0,0,0,0,0,0,0,0,0,0,0,0,0,0,0,0,0,0,0,0,0,0,0,0,bobcat,FALSE,FALSE,none,Dangermond,-120.4447981,34.46109275
H.08.01.23.H2,0,0,0,0,0,0,0,0,0,0,0,0,0,0,0,0,0,0,0,0,0,0,0,0,0,0,0,0,0,0,0,0,0,0,0,0,0,0,0,0,0,0,0,0,0,0,0,0,0,0,0,wild boar,FALSE,FALSE,none,Hollister,-120.3730724,34.45726937
N.08.12.23.C1,0,0,0,0,0,0,0,0,0,0,0,0,0,0,0,0,0,0,0,0,0,0,0,0,0,0,0,0,0,0,0,0,0,0,0,0,0,0,0,0,0,0,0,0,0,0,0,0,0,0,0,coyote,FALSE,FALSE,none,North Campus Open Space,-119.8816911,34.41921559
N.08.14.23.C2,0,0,0,0,0,0,1,0,0,0,1,1,0,0,0,0,1,0,0,0,0,0,0,0,0,0,0,0,0,0,0,0,0,0,0,0,0,0,0,0,0,0,0,0,0,0,0,0,0,0,0,coyote,FALSE,TRUE,terrestrial,North Campus Open Space,-119.8843157,34.42002261
N.08.17.23.C1,0,1,0,0,0,0,0,0,0,0,0,0,0,0,0,0,0,0,0,0,0,0,0,0,0,0,0,0,0,0,0,0,0,0,0,0,0,0,0,0,0,0,0,0,0,0,0,0,0,0,0,coyote,FALSE,TRUE,terrestrial,North Campus Open Space,-119.8829089,34.41968533
N.06.29.23.C1,0,1,0,0,0,0,1,1,0,0,0,0,0,0,0,0,0,0,0,0,0,0,0,0,0,0,0,0,0,0,0,0,0,0,0,0,0,0,0,0,0,0,0,0,0,0,0,0,0,0,0,coyote,FALSE,TRUE,terrestrial,North Campus Open Space,-119.8827109,34.41834626
N.06.29.23.C2,0,0,0,0,0,0,0,0,0,0,0,0,0,0,0,0,0,0,0,0,0,0,0,0,0,0,0,0,0,0,0,0,0,0,0,0,0,0,0,0,0,0,0,0,0,0,0,0,0,0,0,coyote,FALSE,FALSE,none,North Campus Open Space,-119.8825136,34.41844919
N.07.12.23.C1,0,0,0,0,0,0,0,1,0,0,0,0,0,0,0,0,0,0,0,0,0,0,0,0,0,0,0,0,0,0,0,0,0,0,0,0,0,0,0,0,0,0,0,0,0,0,0,0,0,0,0,coyote,FALSE,TRUE,terrestrial,North Campus Open Space,-119.883643,34.41803045
N.07.15.23.C1,0,0,0,0,0,0,0,0,0,0,0,0,0,0,0,0,1,0,0,0,0,1,0,0,0,0,0,0,0,0,0,0,0,0,0,0,0,0,0,0,0,0,0,0,0,0,0,0,0,0,0,coyote,FALSE,TRUE,terrestrial,North Campus Open Space,-119.8746361,34.42143776
N.07.15.23.C2,0,0,0,0,0,0,1,1,0,0,0,0,0,0,0,0,0,0,0,0,0,0,0,0,0,0,0,0,0,0,0,0,0,0,0,0,0,0,0,0,0,0,0,0,0,0,0,0,0,0,0,coyote,FALSE,TRUE,terrestrial,North Campus Open Space,-119.8813026,34.42196999
N.07.19.23.B1,0,0,0,0,0,0,0,0,0,0,0,0,0,0,0,0,0,0,1,0,0,0,0,0,0,0,0,0,0,0,0,0,0,0,0,0,0,0,0,0,0,0,0,0,0,0,0,0,0,0,0,coyote,FALSE,TRUE,terrestrial,North Campus Open Space,-119.8740881,34.41904181
N.07.23.23.C1,0,1,0,0,0,0,1,0,0,0,0,0,0,0,0,0,0,0,0,0,0,0,0,0,0,0,0,0,0,0,0,0,0,0,0,0,0,0,0,0,0,0,0,0,0,0,0,0,0,1,1,coyote,FALSE,TRUE,terrestrial,North Campus Open Space,-119.8810304,34.4196875
N.07.23.23.C2,0,0,0,0,0,0,0,1,0,0,0,1,0,0,0,0,0,0,0,0,0,0,0,0,0,0,0,0,0,0,0,0,0,0,0,0,0,0,0,0,0,0,0,0,0,0,0,0,0,0,0,coyote,FALSE,TRUE,terrestrial,North Campus Open Space,-119.8815703,34.41885429
N.08.05.23.C1,0,1,0,0,0,0,0,0,0,0,0,0,0,0,0,0,0,0,0,0,0,0,0,0,0,0,0,0,0,0,0,0,0,0,0,0,0,0,0,0,0,0,0,0,0,0,0,0,0,0,0,coyote,FALSE,TRUE,terrestrial,North Campus Open Space,-119.8758191,34.42079554
N.08.05.23.C2,0,0,0,0,0,0,0,0,0,0,1,1,0,0,0,0,1,0,0,0,0,0,0,0,0,0,0,0,0,0,0,0,0,0,0,0,0,0,0,0,0,0,0,0,0,0,0,0,0,0,0,coyote,FALSE,TRUE,terrestrial,North Campus Open Space,-119.881457,34.41866988
N.08.07.23.C1,0,0,0,0,0,0,1,1,0,0,0,0,0,0,0,0,0,0,0,0,0,0,0,0,0,0,0,0,0,0,0,0,0,0,0,0,0,0,0,0,0,0,0,0,0,0,0,0,0,0,0,coyote,FALSE,TRUE,terrestrial,North Campus Open Space,-119.8802775,34.41969638
