ScatID,LabID,TubeDate,Visual_Inspection,ExtractDate,qbit volume (ul),Qbit Reading,Notes,lon,lat
D.06.14.23.P1,DAP1,,,,,,,,
D.06.14.23.C1,DAC1,,,,,,,,
D.06.14.23.B1,DAB1,,,,,,,,
D.06.14.23.F1,DAF1,,,,,,,,
D.06.14.23.F2,DAF2,,,,,,,,
D.06.14.23.C2,DAC2,,,,,,,,
D.06.14.23.C3,DAC3,,,,,,,,
D.06.14.23.D1,DAD1,,,,,,,,
C.06.16.23.F1,CBF1,,,,,,,,
C.06.16.23.C1,CBC1,,,,,,,,
D.06.16.23.C2,DBC2,,,,,,,,
D.06.19.23.C1,DCC1,,,,,,,,
D.06.19.23.F1,DCF1,,,,,,,,
D.06.19.23.C2,DCC2,,,,,,,,
D.06.19.23.C3,DCC3,,,,,,,,
D.06.19.23.C4,DCC4,,,,,,,,
D.06.19.23.C5,DCC5,,,,,,,,
D.06.19.23.C7,DCC7,,,,,,,,
D.06.19.23.C8,DCC8,,,,,,,,
D.06.25.23.B1,DDB1,,,,,,,,
D.06.25.23.C2,DDC2,,,,,,,,
D.06.25.23.B2,DDB2,,,,,,,,
D.06.25.23.C3,DDC3,,,,,,,,
D.06.25.23.C4,DDC4,,,,,,,,
D.06.25.23.unk1,DDK1,,,,,,,,
D.06.25.23.C6,DDC6,,,,,,,,
D.06.25.23.C7,DDC7,,,,,,,,
D.06.25.23.C8,DDC8,,,,,,,,
D.06.25.23.C9,DDC9,,,,,,,,
D.06.25.23.B3,DDB3,,,,,,,,
D.06.26.23.C1,DEC1,,,,,,,,
D.06.26.23.C2,DEC2,,,,,,,,
D.06.26.23.C3,DEC3,,,,,,,,
D.06.26.23.C4,DEC4,,,,,,,,
D.06.26.23.C5,DEC5,,,,,,,,
D.06.26.23.B1,DEB1,,,,,,,,
D.06.26.23.P1,DEP1,,,,,,,,
D.06.26.23.C6,DEC6,,,,,,,,
D.06.26.23.C7,DEC7,,,,,,,,
D.06.26.23.C8,DEC8,,,,,,,,
D.06.26.23.B2,DEB2,,,,,,,,
D.06.26.23.B3,DEB3,,,,,,,,
D.06.26.23.C9,DEC9,,,,,,,,
D.06.26.23.F1,DEF1,,,,,,,,
D.06.26.23.C10,DEC10,,,,,,,,
D.06.26.23.C11,DEC11,,,,,,,,
D.06.26.23.C12,DEC12,,,,,,,,
D.06.26.23.C13,DEC13,,,,,,,,
D.06.26.23.P3,DEP3,,,,,,,,
D.06.27.23.B1,DFB1,,,,,,,,
D.06.27.23.U1,DFU1,,,,,,,,
D.06.27.23.B2,DFB2,,,,,,,,
D.06.27.23.UNK1,DFK1,,,,,,,,
D.06.27.23.B3,DFB3,,,,,,,,
D.06.27.23.B4,DFB4,,,,,,,,
D.06.28.23.C1,DGC1,,,,,,,,
D.06.28.23.B2,DGB2,,,,,,,,
D.06.28.23.C2,DGC2,,,,,,,,
D.06.28.23.B3,DGB3,,,,,,,,
D.06.28.23.B4,DGB4,,,,,,,,
D.06.28.23.C3,DGC3,,,,,,,,
D.06.28.23.C4,DGC4,,,,,,,,
D.06.28.23.C5,DGC5,,,,,,,,
D.06.28.23.B5,DGB5,,,,,,,,
D.06.28.23.B6,DGB6,,,,,,,,
D.06.28.23.C6,DGC6,,,,,,,,
D.06.28.23.P1,DGP1,,,,,,,,
D.06.28.23.C7,DGC7,,,,,,,,
D.06.28.23.C8,DGC8,,,,,,,,
D.06.28.23.B7,DGB7,,,,,,,,
D.06.28.23.B8,DGB8,,,,,,,,
D.06.28.23.C9,DGC9,,,,,,,,
D.06.28.23.C10,DGC10,,,,,,,,
D.06.28.23.C11,DGC11,,,,,,,,
D.06.28.23.B9,DGB9,,,,,,,,
D.06.28.23.C12,DGC12,,,,,,,,
D.06.28.23.B10,DGB10,,,,,,,,
D.06.28.23.B1,DGB1,,,,,,,,
C.06.29.23.C1,CHC1,,,,,,,,
C.06.29.23.F1,CHF1,,,,,,,,
C.06.29.23.C2,CHC2,,,,,,,,
N.06.29.23.C1,NHC1,,,,,,,,
N.06.29.23.C2,NHC2,,,,,,,,
C.07.06.23.C1,CIC1,,,,,,,,
C.07.06.23.B1,CIB1,,,,,,,,
D.07.11.23.unk1,DJK1,,,,,,,,
D.07.11.23.C2,DJC2,,,,,,,,
D.07.11.23.C3,DJC3,,,,,,,,
D.07.11.23.C4,DJC4,,,,,,,,
D.07.11.23.C5,DJC5,,,,,,,,
D.07.11.23.C6,DJC6,,,,,,,,
D.07.11.23.C7,DJC7,,,,,,,,
D.07.11.23.C8,DJC8,,,,,,,,
D.07.11.23.B1,DJB1,,,,,,,,
D.07.11.23.C9,DJC9,,,,,,,,
D.07.11.23.B2,DJB2,,,,,,,,
D.07.11.23.F1,DJF1,,,,,,,,
D.07.11.23.B3,DJB3,,,,,,,,
D.07.11.23.B4,DJB4,,,,,,,,
D.07.11.23.D1,DJD1,,,,,,,,
D.07.11.23.D2,DJD2 ,,,,,,(D1->D2),,
C.07.12.23.C1,CKC1,,,,,,,,
C.07.12.23.C2,CKC2,,,,,,,,
C.07.12.23.C3,CKC3,,,,,,,,
C.07.12.23.C4,CKC4,,,,,,,,
C.07.12.23.C5,CKC5,,,,,,,,
N.07.12.23.C1,NKC1,,,,,,,,
D.07.13.23.C1,DLC1,,,,,,,,
D.07.13.23.F1,DLF1,,,,,,,,
D.07.13.23.D1,DLD1,,,,,,,,
D.07.13.23.D2,DLD2,,,,,,,,
D.07.13.23.D3,DLD3,,,,,,,,
D.07.13.23.B1,DLB1,,,,,,,,
D.07.13.23.D4,DLD4,,,,,,,,
D.07.13.23.U1,DLU1,,,,,,,,
D.07.13.23.U2,DLU2,,,,,,,,
D.07.13.23.B2,DLB2,,,,,,,,
D.07.13.23.U3,DLU3,,,,,,,,
D.07.13.23.F2,DLF2,,,,,,,,
D.07.13.23.unk1,DLK1,,,,,,,,
C.07.15.23.C1,CMC1,,,,,,,,
N.07.15.23.C1,NMC1,,,,,,,,
N.07.15.23.C2,NMC2,,,,,,,,
C.07.15.23.C2,CMC2,,,,,,,,
C.07.17.23.C1,CNC1,,,,,,,,
D.07.18.23.C1,DOC1,,,,,,,,
D.07.18.23.C2,DOC2,,,,,,,,
D.07.18.23.B1,DOB1,,,,,,,,
N.07.19.23.B1,NPB1,,,,,,,,
D.07.20.23.C1,DQC1,,,,,,,,
D.07.20.23.B1,DQB1,,,,,,,,
D.07.20.23.C2,DQC2,,,,,,,,
D.07.20.23.U1,DQU1,,,,,,,,
C.07.23.23.C1,CRC1,,,,,,,,
N.07.23.23.C1,NRC1,,,,,,,,
N.07.23.23.C2,NRC2,,,,,,,,
C.07.24.23.C1,CSC1,,,,,,,,
D.07.24.23.B1,DSB1,,,,,,,,
D.07.24.23.C1,DSC1,,,,,,,,
D.07.24.23.H1,DSH1,,,,,,,,
D.07.24.23.C2,DSC2,,,,,,,,
D.07.24.23.B2,DSB2,,,,,,,,
D.07.26.23.U1,DTU1,,,,,,,,
D.07.26.23.U2,DTU2,,,,,,,,
D.07.26.23.U3,DTU3,,,,,,,,
D.07.31.23.B1,DUB1,,,,,,,,
D.07.31.23.C1,DUC1,,,,,,,,
H.08.01.23.C1,HVC1,,,,,,,,
H.08.01.23.H1,HVH1,,,,,,,,
H.08.01.23.H2,HVH2,,,,,,,,
D.08.04.23.P1,DWP1,,,,,,,,
D.08.04.23.B1,DWB1,,,,2,33.1,,,
D.08.04.23.B2,DWB2,,,,,,,,
N.08.05.23.C1,NXC1,,,,,,,,
N.08.05.23.C2,NXC2,,,,,,,,
C.08.07.23.C1,CYC1,,,,,,,,
C.08.07.23.C2,CYC2,,,,,,,,
N.08.07.23.C1,NYC1,,,,,,,,
D.08.10.23.B1,DZB1,,,,,,,,
D.08.10.23.B4,DZB4,,,,,,,,
D.08.10.23.B5,DZB5,,,,2,48.8,,,
D.08.10.23.B3,DZB3,,,,,,,,
D.08.10.23.C1,DZC1,,,,,,,,
D.08.10.23.B2,DZB2,,,,,,,,
D.08.10.23.H1,DZH1,,,,,,,,
D.08.10.23.D1,DZD1,,,,,,,,
D.08.10.23.unk1,DZK1,,,,,,,,
D.08.10.23.P1,DZP1,,,,,,,,
D.08.10.23.C2,DZC2,,,,,,,,
D.08.10.23.B6,DZB6,,,,,,,,
D.08.10.23.B7,DZB7,,,,2,105,,,
N.08.12.23.C1,NAAC1,,,,,,,,
C.08.14.23.C1,CABC1,,,,,,,,
N.08.14.23.C2,NABC2,,,,,,,,
D.08.14.23.H1,DABH1,,,,,,,,
D.08.14.23.H2,DABH2,,,,,,,,
D.08.14.23.H3,DABH3,,,,,,,,
D.08.14.23.F1,DABF1,,,,,,,,
D.08.14.23.C2,DABC2,,,,,,,,
D.08.14.23.C3,DABC3,,,,,,,,
D.08.14.23.C4,DABC4,,,,,,,,
D.08.14.23.C5,DABC5,,,,,,,,
D.08.14.23.C6,DABC6,,,,,,,,
C.08.17.23.C1,CACC1,,,,,,,,
N.08.17.23.C1,NACC1,,,,,,,,
D.08.18.23.C1,DADC1,,,,,,,,
D.08.18.23.P1,DADP1,,,,,,,,
D.06.25.23.C5,DDC5,,,,,,,,
D.06.26.23.P2,DEP2,,,,,,,,
C.08.19.23.C1,CAEC1,,,,,,,-119.8786,34.411554
C.08.19.23.C2,CAEC2,,,,,,,-119.8786,34.411554
C.08.19.23.C3,CAEC3,,,,,,,-119.8786,34.411554
D.08.14.23.B3,DABB3,,,,,,,,
D.08.14.23.B2,DABB2,,,,,,,,
D.08.14.23.B1,DABB1,,,,,,,,
D.08.14.23.B4,DABB4,,,,,,,,
D.08.14.23.C1,DABC1,,,,,,,,
D.08.18.23.C2,DADC2,,,,,,,,
D.08.23.23.B1,DAFB1,,,,,,,,
D.08.23.23.B2,DAFB2,,,,,,,,
D.08.14.23.C7,DABC7,,,,,,,,
D.06.28.23.F1,DGF1,,,,,,,,
D.07.11.23.C1,DJC1,,,,,,,-120.4729796,34.46000653
D.08.23.23.H1,DAFH1,,,,,,,-120.4663651,34.46951871
D.06.25.23.C11,DDC11,,,,,,,-120.4663651,34.46951871
D.06.25.23.C10,DDC10,,,,,,,-120.4663651,34.46951871
D.06.25.23.C14,DDC14,,,,,,,-120.4663651,34.46951871
D.06.25.23.C13,DDC13,,,,,,,-120.4663651,34.46951871
D.06.25.23.C12,DDC12,,,,,,,-120.4663651,34.46951871
D.06.25.23.unk2,DDK2,,,,,,,-120.4663651,34.46951871
D.06.25.23.C15,DDC15,,,,,,,-120.4663651,34.46951871
D.06.25.23.B4,DDB4,,,,,,,-120.4195505,34.45328838
D.06.25.23.P2,DDP2,,,,,,,-120.445001,34.45123476
D.06.25.23.C1,DDC1,,,,,,,-120.445001,34.45123476
D.06.19.23.C6,DCC6,,,,,,,-120.46828,34.4678
D.11.30.22.H1,DAIH1,,,,,,,,
D.11.30.22.H2,DAIH2,,,,,,,,
D.11.30.22.H3,DAIH3,,,,,,,,
D.11.30.22.H4,DAIH4,,,,,,,,
D.10.24.22.H1,DAGH1,,,,,,,,
D.10.26.22.H1,DAHH1,,,,,,,,
D.11.30.22.H5,DAIH5,,,,,,,,
D.11.30.22.H6,DAIH6,,,,,,,,
D.10.26.22.H2,DAHH2,,,,,,,,
D.10.26.22.H3,DAHH3,,,,,,,,
D.10.25.22.H1,DAJH1,,,,,,,,
D.07.13.22.H1,DAKH1,,,,,,,,
D.10.26.22.H4,DAHH4,,,,,,,,
D.10.26.22.H5,DAHH5,,,,,,,,
D.10.26.22.H6,DAHH6,,,,,,,,
D.09.09.22.H1,DALH1,,,,,,,,
D.07.14.22.H1,DAMH1,,,,,,,,
D.09.09.22.H2,DALH2,,,,,,,,
D.07.13.22.H2,DAKH2,,,,,,,,
D.09.09.22.H3,DALH3,,,,,,,,
D.07.13.23.H3,DAKH3,,,,,,,,
D.10.26.22.H7,DAHH7,,,,,,,,
D.09.09.22.H4,DALH4,,,,,,,,
D.09.09.22.H5,DALH5,,,,,,,,
D.07.10.22.H1,DANH1,,,,,,,,
D.10.25.22.H2,DAJH2,,,,,,,,
D.07.14.22.H2,DAMH2,,,,,,,,
D.07.14.22.H3,DAMH3,,,,,,,,
D.09.09.22.H8,DALH8,,,,,,,,
D.09.09.22.H6,DALH6,,,,,,,,
D.09.09.22.H7,DALH7,,,,,,,,
D.04.13.22.H1,DAOH1,,,,,,,,
D.04.13.22.H2,DAOH2,,,,,,,,
D.04.14.22.H1,DAPH1,,,,,,,,
D.00.00.22.H1,DUKH1,,,,,,,,
D.00.00.22.H2,DUKH2,,,,,,,,
D.00.00.22.H3,DUKH3,,,,,,,,
D.00.00.22.H4,DUKH4,,,,,,,,
D.00.00.22.H5,DUKH5,,,,,,,,
D.07.13.22.H4,DAKH4,,,,,,,,
D.03.15.22.H1,DAQH1,,,,,,,,
D.00.00.22.H6,DUKH6,,,,,,,,
D.04.14.22.H2,DAPH2,,,,,,,,
D.00.00.22.H7,DUKH7,,,,,,,,
D.03.15.22.H2,DAQH2,,,,,,,,
D.00.00.22.H8,DUKH8,,,,,,,,
D.00.00.22.H9,DUKH9,,,,,,,,
D.00.00.22.H10,DUKH10,,,,,,,,
D.00.00.22.H11,DUKH11,,,,,,,,
D.00.00.22.H12,DUKH12,,,,,,,,
D.00.00.22.H13,DUKH13,,,,,,,,
D.00.00.22.H14,DUKH14,,,,,,,,